{
  "list": [
    {
      "name" : "@DarbaarResto",
      "id": 1335116988453015553
    },
    {
      "name" : "@mspricklefinger",
      "id" : 22410185
    },
    {
      "name" : "@shilzna",
      "id" : 2760681024
    },
    {
      "name" : "@shitalias",
      "id" : 915452722756780032
    },
    {
      "name" : "@BerkleyBearNews",
      "id" : 787546010
    },
    {
      "name" : "@WVDMelbourne",
      "id" : 762564841
    },
    {
      "name" : "@dianachanau",
      "id" : 833203064978837507
    },
    {
      "name" : "@leonhartleon",
      "id" : 47557595
    },
    {
      "name" : "@freyablumexo",
      "id" : 2757732589
    },
    {
      "name" : "@olivia_holt",
      "id" : 163530567
    },
    {
      "name" : "@CannibalQueen21",
      "id" : 2765878581
    },
    {
      "name" : "@qianjinghua",
      "id" : 717171415825453058
    },
    {
      "name" : "@the_greedypanda",
      "id" : 765697976081719296
    },
    {
      "name" : "@audreybourget",
      "id" : 55058262
    },
    {
      "name" : "@GourmetTweets",
      "id" : 22075226
    },
    {
      "name" : "@SzelingGood",
      "id" : 119219820
    },
    {
      "name" : "@WhatsOnMelb",
      "id" : 20948715
    },
    {
      "name" : "@yaynadja",
      "id" : 20828759
    },
    {
      "name" : "@Vekica",
      "id" : 18205567
    },
    {
      "name" : "@TokutalkP",
      "id" : 1317095054188531712
    }
  ]
}