{"1518684536564961280": {"created_at": "2022-04-25T20:13:03.000Z", "id": "1518684536564961280", "text": "Gas Price Hike Impact On Richmond https://t.co/mAIsovJr1b via @mediabyluke"}, "1518556679251521542": {"created_at": "2022-04-25T11:45:00.000Z", "id": "1518556679251521542", "text": "Golf Services Manager Curtis Mitchell expects new electric carts at Kearny Hill Golf Links, but anticipates gas powered carts would be found at Tates Creek, Lakeside, and Gay Brewer Picadome. Mitchell said switching to all electric carries a higher price.\n\nhttps://t.co/LzXgyIwXco"}, "1518266787510509568": {"created_at": "2022-04-24T16:33:04.000Z", "id": "1518266787510509568", "text": "With the price of regular unleaded gas still in the $4-a-gallon range, the comparative price of premium is kind of a bargain at many stations. Really. https://t.co/zl2xKI0WMT"}, "1517646962933354498": {"context_annotations": [{"domain": {"id": "45", "name": "Brand Vertical", "description": "Top level entities that describe a Brands industry"}, "entity": {"id": "781974596706635776", "name": "Retail"}}, {"domain": {"id": "46", "name": "Brand Category", "description": "Categories within Brand Verticals that narrow down the scope of Brands"}, "entity": {"id": "783350882985385984", "name": "Home"}}, {"domain": {"id": "47", "name": "Brand", "description": "Brands and Companies"}, "entity": {"id": "10026353534", "name": "Lowe's"}}, {"domain": {"id": "65", "name": "Interests and Hobbies Vertical", "description": "Top level interests and hobbies groupings, like Food or Travel"}, "entity": {"id": "864911475436957696", "name": "Home and garden", "description": "Home and garden"}}, {"domain": {"id": "66", "name": "Interests and Hobbies Category", "description": "A grouping of interests and hobbies entities, like Novelty Food or Destinations"}, "entity": {"id": "864913606730596352", "name": "Remodeling and construction", "description": "Remodeling and construction"}}, {"domain": {"id": "45", "name": "Brand Vertical", "description": "Top level entities that describe a Brands industry"}, "entity": {"id": "781974596706635776", "name": "Retail"}}, {"domain": {"id": "46", "name": "Brand Category", "description": "Categories within Brand Verticals that narrow down the scope of Brands"}, "entity": {"id": "783350882985385984", "name": "Home"}}, {"domain": {"id": "47", "name": "Brand", "description": "Brands and Companies"}, "entity": {"id": "10026353534", "name": "Lowe's"}}], "created_at": "2022-04-22T23:30:07.000Z", "id": "1517646962933354498", "text": "@CityofBerea price gouging Mecca. Gas in #BereaKY is ALWAYS 25-30 cents higher than 8 miles down the road. Avoid Berea. You will get a sizable\"restaurant tax\" in addition to higher prices on EVERYTHING. I just paid $12 more on a pump sprayer than I got at Lowe's in Richmond KY. https://t.co/F5SytxNzlP"}}