{
  "_id": "85be2ce541424d7f0ebb283291001ab3",
  "_rev": "1-3884135ed3620e837adc4f93e073db50",
  "created_at": "Sun Apr 24 01:49:28 +0000 2022",
  "id": 1518044421597823000,
  "id_str": "1518044421597822976",
  "text": "@DuffmanGay @cheryl_kernot @JEChalmers He didn't want it. Otherwise I'm sure he would have had the mantle.",
  "display_text_range": [
    39,
    106
  ],
  "source": "<a href=\"http://twitter.com/download/android\" rel=\"nofollow\">Twitter for Android</a>",
  "truncated": false,
  "in_reply_to_status_id": 1518038952560967700,
  "in_reply_to_status_id_str": "1518038952560967680",
  "in_reply_to_user_id": 1416374712381231000,
  "in_reply_to_user_id_str": "1416374712381231106",
  "in_reply_to_screen_name": "DuffmanGay",
  "user": {
    "id": 1448583359236481000,
    "id_str": "1448583359236481024",
    "name": "Claire 包玉思🏅🥈🥇🥉💉💉💉",
    "screen_name": "AuspiciousTimes",
    "location": null,
    "url": null,
    "description": "I'm back!\n\nGetting rid of the rorters - all of them - is my mission.",
    "translator_type": "none",
    "protected": false,
    "verified": false,
    "followers_count": 936,
    "friends_count": 2059,
    "listed_count": 0,
    "favourites_count": 21946,
    "statuses_count": 9457,
    "created_at": "Thu Oct 14 09:36:24 +0000 2021",
    "utc_offset": null,
    "time_zone": null,
    "geo_enabled": true,
    "lang": null,
    "contributors_enabled": false,
    "is_translator": false,
    "profile_background_color": "F5F8FA",
    "profile_background_image_url": "",
    "profile_background_image_url_https": "",
    "profile_background_tile": false,
    "profile_link_color": "1DA1F2",
    "profile_sidebar_border_color": "C0DEED",
    "profile_sidebar_fill_color": "DDEEF6",
    "profile_text_color": "333333",
    "profile_use_background_image": true,
    "profile_image_url": "http://pbs.twimg.com/profile_images/1449626621393047555/Hh-h4a3d_normal.jpg",
    "profile_image_url_https": "https://pbs.twimg.com/profile_images/1449626621393047555/Hh-h4a3d_normal.jpg",
    "profile_banner_url": "https://pbs.twimg.com/profile_banners/1448583359236481024/1634452897",
    "default_profile": true,
    "default_profile_image": false,
    "following": null,
    "follow_request_sent": null,
    "notifications": null,
    "withheld_in_countries": []
  },
  "geo": null,
  "coordinates": null,
  "place": {
    "id": "01864a8a64df9dc4",
    "url": "https://api.twitter.com/1.1/geo/id/01864a8a64df9dc4.json",
    "place_type": "city",
    "name": "Melbourne",
    "full_name": "Melbourne, Victoria",
    "country_code": "AU",
    "country": "Australia",
    "bounding_box": {
      "type": "Polygon",
      "coordinates": [
        [
          [
            144.593742,
            -38.433859
          ],
          [
            144.593742,
            -37.511274
          ],
          [
            145.512529,
            -37.511274
          ],
          [
            145.512529,
            -38.433859
          ]
        ]
      ]
    },
    "attributes": {}
  },
  "contributors": null,
  "is_quote_status": false,
  "quote_count": 0,
  "reply_count": 0,
  "retweet_count": 0,
  "favorite_count": 0,
  "entities": {
    "hashtags": [],
    "urls": [],
    "user_mentions": [
      {
        "screen_name": "DuffmanGay",
        "name": "The Duffster",
        "id": 1416374712381231000,
        "id_str": "1416374712381231106",
        "indices": [
          0,
          11
        ]
      },
      {
        "screen_name": "cheryl_kernot",
        "name": "Cheryl Kernot",
        "id": 711750460932141000,
        "id_str": "711750460932141056",
        "indices": [
          12,
          26
        ]
      },
      {
        "screen_name": "JEChalmers",
        "name": "Jim Chalmers MP",
        "id": 258124400,
        "id_str": "258124400",
        "indices": [
          27,
          38
        ]
      }
    ],
    "symbols": []
  },
  "favorited": false,
  "retweeted": false,
  "filter_level": "low",
  "lang": "en",
  "timestamp_ms": "1650764968667"
}